,Game_Id,Date,Period,Event,Description,Time_Elapsed,Seconds_Elapsed,Strength,Ev_Zone,Type,Ev_Team,Home_Zone,Away_Team,Home_Team,p1_name,p1_ID,p2_name,p2_ID,p3_name,p3_ID,awayPlayer1,awayPlayer1_id,awayPlayer2,awayPlayer2_id,awayPlayer3,awayPlayer3_id,awayPlayer4,awayPlayer4_id,awayPlayer5,awayPlayer5_id,awayPlayer6,awayPlayer6_id,homePlayer1,homePlayer1_id,homePlayer2,homePlayer2_id,homePlayer3,homePlayer3_id,homePlayer4,homePlayer4_id,homePlayer5,homePlayer5_id,homePlayer6,homePlayer6_id,Away_Players,Home_Players,Away_Score,Home_Score,Away_Goalie,Away_Goalie_Id,Home_Goalie,Home_Goalie_Id,xC,yC,Home_Coach,Away_Coach
2133,20325,2019-11-19,1,HIT,NSH #5 HAMHUIS HIT WPG #46 LUOTO Def. Zone,2:18,138.0,5x5,Def,,NSH,Def,WPG,NSH,DAN HAMHUIS,8469465.0,JOONA LUOTO,8481649.0,,,DAVID GUSTAFSSON,8481019.0,LOGAN SHAW,8476400.0,JOONA LUOTO,8481649.0,NEAL PIONK,8480145.0,DMITRY KULIKOV,8475179.0,CONNOR HELLEBUYCK,8476945.0,COLTON SISSONS,8476925.0,MATHIEU OLIVIER,8479671.0,AUSTIN WATSON,8475766.0,STEVEN SANTINI,8477463.0,DAN HAMHUIS,8469465.0,JUUSE SAROS,8477424.0,6,6,1,0,CONNOR HELLEBUYCK,8476945.0,JUUSE SAROS,8477424.0,-46.0,36.0,PETER LAVIOLETTE,PAUL MAURICE
2134,20325,2019-11-19,1,BLOCK,WPG #4 PIONK BLOCKED BY  NSH #51 WATSON Wrist Def. Zone,2:20,140.0,5x5,Def,WRIST SHOT,WPG,Def,WPG,NSH,AUSTIN WATSON,8475766.0,NEAL PIONK,8480145.0,,,DAVID GUSTAFSSON,8481019.0,LOGAN SHAW,8476400.0,JOONA LUOTO,8481649.0,NEAL PIONK,8480145.0,DMITRY KULIKOV,8475179.0,CONNOR HELLEBUYCK,8476945.0,COLTON SISSONS,8476925.0,MATHIEU OLIVIER,8479671.0,AUSTIN WATSON,8475766.0,STEVEN SANTINI,8477463.0,DAN HAMHUIS,8469465.0,JUUSE SAROS,8477424.0,6,6,1,0,CONNOR HELLEBUYCK,8476945.0,JUUSE SAROS,8477424.0,-51.0,17.0,PETER LAVIOLETTE,PAUL MAURICE
2135,20325,2019-11-19,1,STOP,PUCK IN NETTING,2:20,140.0,5x5,,,,,WPG,NSH,,,,,,,DAVID GUSTAFSSON,8481019.0,LOGAN SHAW,8476400.0,JOONA LUOTO,8481649.0,NEAL PIONK,8480145.0,DMITRY KULIKOV,8475179.0,CONNOR HELLEBUYCK,8476945.0,COLTON SISSONS,8476925.0,MATHIEU OLIVIER,8479671.0,AUSTIN WATSON,8475766.0,STEVEN SANTINI,8477463.0,DAN HAMHUIS,8469465.0,JUUSE SAROS,8477424.0,6,6,1,0,CONNOR HELLEBUYCK,8476945.0,JUUSE SAROS,8477424.0,,,PETER LAVIOLETTE,PAUL MAURICE
2143,20325,2019-11-19,1,STOP,ICING,4:17,257.0,5x5,,,,,WPG,NSH,,,,,,,ANDREW COPP,8477429.0,DAVID GUSTAFSSON,8481019.0,MATHIEU PERREAULT,8473618.0,LUCA SBISA,8474579.0,NATHAN BEAULIEU,8476470.0,CONNOR HELLEBUYCK,8476945.0,NICK BONINO,8474009.0,CRAIG SMITH,8475225.0,ROCCO GRIMALDI,8476428.0,STEVEN SANTINI,8477463.0,DAN HAMHUIS,8469465.0,JUUSE SAROS,8477424.0,6,6,1,0,CONNOR HELLEBUYCK,8476945.0,JUUSE SAROS,8477424.0,,,PETER LAVIOLETTE,PAUL MAURICE
2144,20325,2019-11-19,1,FAC,NSH won Def. Zone - WPG #55 SCHEIFELE vs NSH #13 BONINO,4:17,257.0,5x5,Def,,NSH,Def,WPG,NSH,NICK BONINO,8474009.0,MARK SCHEIFELE,8476460.0,,,MARK SCHEIFELE,8476460.0,PATRIK LAINE,8479339.0,KYLE CONNOR,8478398.0,TUCKER POOLMAN,8477359.0,JOSH MORRISSEY,8477504.0,CONNOR HELLEBUYCK,8476945.0,NICK BONINO,8474009.0,CRAIG SMITH,8475225.0,ROCCO GRIMALDI,8476428.0,STEVEN SANTINI,8477463.0,DAN HAMHUIS,8469465.0,JUUSE SAROS,8477424.0,6,6,1,0,CONNOR HELLEBUYCK,8476945.0,JUUSE SAROS,8477424.0,-69.0,22.0,PETER LAVIOLETTE,PAUL MAURICE
2154,20325,2019-11-19,1,HIT,NSH #13 BONINO HIT WPG #88 BEAULIEU Neu. Zone,6:38,398.0,5x5,Neu,,NSH,Neu,WPG,NSH,NICK BONINO,8474009.0,NATHAN BEAULIEU,8476470.0,,,DAVID GUSTAFSSON,8481019.0,LOGAN SHAW,8476400.0,JOONA LUOTO,8481649.0,LUCA SBISA,8474579.0,NATHAN BEAULIEU,8476470.0,CONNOR HELLEBUYCK,8476945.0,NICK BONINO,8474009.0,CRAIG SMITH,8475225.0,ROCCO GRIMALDI,8476428.0,STEVEN SANTINI,8477463.0,DAN HAMHUIS,8469465.0,JUUSE SAROS,8477424.0,6,6,1,0,CONNOR HELLEBUYCK,8476945.0,JUUSE SAROS,8477424.0,7.0,39.0,PETER LAVIOLETTE,PAUL MAURICE
2155,20325,2019-11-19,1,HIT,NSH #15 SMITH HIT WPG #3 POOLMAN Neu. Zone,6:56,416.0,5x5,Neu,,NSH,Neu,WPG,NSH,CRAIG SMITH,8475225.0,TUCKER POOLMAN,8477359.0,,,DAVID GUSTAFSSON,8481019.0,LOGAN SHAW,8476400.0,JOONA LUOTO,8481649.0,TUCKER POOLMAN,8477359.0,JOSH MORRISSEY,8477504.0,CONNOR HELLEBUYCK,8476945.0,NICK BONINO,8474009.0,CRAIG SMITH,8475225.0,ROCCO GRIMALDI,8476428.0,STEVEN SANTINI,8477463.0,DAN HAMHUIS,8469465.0,JUUSE SAROS,8477424.0,6,6,1,0,CONNOR HELLEBUYCK,8476945.0,JUUSE SAROS,8477424.0,14.0,-37.0,PETER LAVIOLETTE,PAUL MAURICE
2165,20325,2019-11-19,1,SHOT,WPG ONGOAL - #85 PERREAULT Wrist Off. Zone 30 ft.,9:13,553.0,5x5,Off,WRIST SHOT,WPG,Def,WPG,NSH,MATHIEU PERREAULT,8473618.0,,,,,ANDREW COPP,8477429.0,MATHIEU PERREAULT,8473618.0,ADAM LOWRY,8476392.0,LUCA SBISA,8474579.0,NATHAN BEAULIEU,8476470.0,CONNOR HELLEBUYCK,8476945.0,CALLE JARNKROK,8475714.0,MIKAEL GRANLUND,8475798.0,MATT DUCHENE,8475168.0,STEVEN SANTINI,8477463.0,DANTE FABBRO,8479371.0,JUUSE SAROS,8477424.0,6,6,1,0,CONNOR HELLEBUYCK,8476945.0,JUUSE SAROS,8477424.0,-69.0,-23.0,PETER LAVIOLETTE,PAUL MAURICE
2166,20325,2019-11-19,1,GIVE,NSH GIVEAWAY - #64 GRANLUND Def. Zone,9:19,559.0,5x5,Def,,NSH,Def,WPG,NSH,MIKAEL GRANLUND,8475798.0,,,,,ANDREW COPP,8477429.0,MATHIEU PERREAULT,8473618.0,ADAM LOWRY,8476392.0,LUCA SBISA,8474579.0,NATHAN BEAULIEU,8476470.0,CONNOR HELLEBUYCK,8476945.0,CALLE JARNKROK,8475714.0,MIKAEL GRANLUND,8475798.0,MATT DUCHENE,8475168.0,STEVEN SANTINI,8477463.0,DANTE FABBRO,8479371.0,JUUSE SAROS,8477424.0,6,6,1,0,CONNOR HELLEBUYCK,8476945.0,JUUSE SAROS,8477424.0,-47.0,-39.0,PETER LAVIOLETTE,PAUL MAURICE
2167,20325,2019-11-19,1,STOP,OFFSIDETV TIMEOUT,9:25,565.0,5x5,,,,,WPG,NSH,,,,,,,ANDREW COPP,8477429.0,MATHIEU PERREAULT,8473618.0,ADAM LOWRY,8476392.0,LUCA SBISA,8474579.0,NATHAN BEAULIEU,8476470.0,CONNOR HELLEBUYCK,8476945.0,CALLE JARNKROK,8475714.0,MIKAEL GRANLUND,8475798.0,MATT DUCHENE,8475168.0,STEVEN SANTINI,8477463.0,DANTE FABBRO,8479371.0,JUUSE SAROS,8477424.0,6,6,1,0,CONNOR HELLEBUYCK,8476945.0,JUUSE SAROS,8477424.0,,,PETER LAVIOLETTE,PAUL MAURICE
2177,20325,2019-11-19,1,FAC,NSH won Def. Zone - WPG #17 LOWRY vs NSH #51 WATSON,10:11,611.0,5x5,Def,,NSH,Def,WPG,NSH,AUSTIN WATSON,8475766.0,ADAM LOWRY,8476392.0,,,ANDREW COPP,8477429.0,MATHIEU PERREAULT,8473618.0,ADAM LOWRY,8476392.0,NEAL PIONK,8480145.0,DMITRY KULIKOV,8475179.0,CONNOR HELLEBUYCK,8476945.0,COLTON SISSONS,8476925.0,MATHIEU OLIVIER,8479671.0,AUSTIN WATSON,8475766.0,STEVEN SANTINI,8477463.0,DAN HAMHUIS,8469465.0,JUUSE SAROS,8477424.0,6,6,1,0,CONNOR HELLEBUYCK,8476945.0,JUUSE SAROS,8477424.0,-69.0,-22.0,PETER LAVIOLETTE,PAUL MAURICE
2178,20325,2019-11-19,1,HIT,NSH #25 OLIVIER HIT WPG #85 PERREAULT Neu. Zone,10:22,622.0,5x5,Neu,,NSH,Neu,WPG,NSH,MATHIEU OLIVIER,8479671.0,MATHIEU PERREAULT,8473618.0,,,ANDREW COPP,8477429.0,MATHIEU PERREAULT,8473618.0,ADAM LOWRY,8476392.0,NEAL PIONK,8480145.0,DMITRY KULIKOV,8475179.0,CONNOR HELLEBUYCK,8476945.0,COLTON SISSONS,8476925.0,MATHIEU OLIVIER,8479671.0,AUSTIN WATSON,8475766.0,STEVEN SANTINI,8477463.0,DAN HAMHUIS,8469465.0,JUUSE SAROS,8477424.0,6,6,1,0,CONNOR HELLEBUYCK,8476945.0,JUUSE SAROS,8477424.0,-14.0,39.0,PETER LAVIOLETTE,PAUL MAURICE
2179,20325,2019-11-19,1,HIT,NSH #25 OLIVIER HIT WPG #7 KULIKOV Off. Zone,10:30,630.0,5x5,Off,,NSH,Off,WPG,NSH,MATHIEU OLIVIER,8479671.0,DMITRY KULIKOV,8475179.0,,,ANDREW COPP,8477429.0,MATHIEU PERREAULT,8473618.0,ADAM LOWRY,8476392.0,NEAL PIONK,8480145.0,DMITRY KULIKOV,8475179.0,CONNOR HELLEBUYCK,8476945.0,COLTON SISSONS,8476925.0,MATHIEU OLIVIER,8479671.0,AUSTIN WATSON,8475766.0,STEVEN SANTINI,8477463.0,DAN HAMHUIS,8469465.0,JUUSE SAROS,8477424.0,6,6,1,0,CONNOR HELLEBUYCK,8476945.0,JUUSE SAROS,8477424.0,81.0,-35.0,PETER LAVIOLETTE,PAUL MAURICE
2180,20325,2019-11-19,1,MISS,NSH #5 HAMHUIS Wrist Wide of Net Off. Zone 62 ft.,10:37,637.0,5x5,Off,WRIST SHOT,NSH,Off,WPG,NSH,DAN HAMHUIS,8469465.0,,,,,ANDREW COPP,8477429.0,MATHIEU PERREAULT,8473618.0,ADAM LOWRY,8476392.0,NEAL PIONK,8480145.0,DMITRY KULIKOV,8475179.0,CONNOR HELLEBUYCK,8476945.0,COLTON SISSONS,8476925.0,MATHIEU OLIVIER,8479671.0,AUSTIN WATSON,8475766.0,STEVEN SANTINI,8477463.0,DAN HAMHUIS,8469465.0,JUUSE SAROS,8477424.0,6,6,1,0,CONNOR HELLEBUYCK,8476945.0,JUUSE SAROS,8477424.0,34.0,30.0,PETER LAVIOLETTE,PAUL MAURICE
2181,20325,2019-11-19,1,HIT,NSH #25 OLIVIER HIT WPG #7 KULIKOV Off. Zone,10:42,642.0,5x5,Off,,NSH,Off,WPG,NSH,MATHIEU OLIVIER,8479671.0,DMITRY KULIKOV,8475179.0,,,ANDREW COPP,8477429.0,MATHIEU PERREAULT,8473618.0,ADAM LOWRY,8476392.0,NEAL PIONK,8480145.0,DMITRY KULIKOV,8475179.0,CONNOR HELLEBUYCK,8476945.0,COLTON SISSONS,8476925.0,MATHIEU OLIVIER,8479671.0,AUSTIN WATSON,8475766.0,STEVEN SANTINI,8477463.0,DAN HAMHUIS,8469465.0,JUUSE SAROS,8477424.0,6,6,1,0,CONNOR HELLEBUYCK,8476945.0,JUUSE SAROS,8477424.0,58.0,-38.0,PETER LAVIOLETTE,PAUL MAURICE
2191,20325,2019-11-19,1,HIT,NSH #51 WATSON HIT WPG #26 WHEELER Def. Zone,13:03,783.0,4x5,Def,,NSH,Def,WPG,NSH,AUSTIN WATSON,8475766.0,BLAKE WHEELER,8471218.0,,,JACK ROSLOVIC,8478458.0,MATHIEU PERREAULT,8473618.0,BLAKE WHEELER,8471218.0,PATRIK LAINE,8479339.0,NEAL PIONK,8480145.0,CONNOR HELLEBUYCK,8476945.0,CALLE JARNKROK,8475714.0,AUSTIN WATSON,8475766.0,STEVEN SANTINI,8477463.0,DAN HAMHUIS,8469465.0,JUUSE SAROS,8477424.0,,,6,5,1,0,CONNOR HELLEBUYCK,8476945.0,JUUSE SAROS,8477424.0,-30.0,37.0,PETER LAVIOLETTE,PAUL MAURICE
2203,20325,2019-11-19,1,MISS,NSH #3 SANTINI Wrist Wide of Net Off. Zone 63 ft.,17:01,1021.0,5x5,Off,WRIST SHOT,NSH,Off,WPG,NSH,STEVEN SANTINI,8477463.0,,,,,ANDREW COPP,8477429.0,MARK SCHEIFELE,8476460.0,MATHIEU PERREAULT,8473618.0,TUCKER POOLMAN,8477359.0,JOSH MORRISSEY,8477504.0,CONNOR HELLEBUYCK,8476945.0,COLTON SISSONS,8476925.0,ROCCO GRIMALDI,8476428.0,FILIP FORSBERG,8476887.0,STEVEN SANTINI,8477463.0,MATTIAS EKHOLM,8475218.0,JUUSE SAROS,8477424.0,6,6,1,0,CONNOR HELLEBUYCK,8476945.0,JUUSE SAROS,8477424.0,33.0,-29.0,PETER LAVIOLETTE,PAUL MAURICE
2204,20325,2019-11-19,1,SHOT,NSH ONGOAL - #14 EKHOLM Wrist Off. Zone 60 ft.,17:07,1027.0,5x5,Off,WRIST SHOT,NSH,Off,WPG,NSH,MATTIAS EKHOLM,8475218.0,,,,,ANDREW COPP,8477429.0,MARK SCHEIFELE,8476460.0,MATHIEU PERREAULT,8473618.0,TUCKER POOLMAN,8477359.0,JOSH MORRISSEY,8477504.0,CONNOR HELLEBUYCK,8476945.0,COLTON SISSONS,8476925.0,ROCCO GRIMALDI,8476428.0,FILIP FORSBERG,8476887.0,STEVEN SANTINI,8477463.0,MATTIAS EKHOLM,8475218.0,JUUSE SAROS,8477424.0,6,6,1,0,CONNOR HELLEBUYCK,8476945.0,JUUSE SAROS,8477424.0,36.0,29.0,PETER LAVIOLETTE,PAUL MAURICE
2205,20325,2019-11-19,1,STOP,GOALIE STOPPED (AFTER SOG),17:07,1027.0,5x5,,,,,WPG,NSH,,,,,,,ANDREW COPP,8477429.0,MARK SCHEIFELE,8476460.0,MATHIEU PERREAULT,8473618.0,TUCKER POOLMAN,8477359.0,JOSH MORRISSEY,8477504.0,CONNOR HELLEBUYCK,8476945.0,COLTON SISSONS,8476925.0,ROCCO GRIMALDI,8476428.0,FILIP FORSBERG,8476887.0,STEVEN SANTINI,8477463.0,MATTIAS EKHOLM,8475218.0,JUUSE SAROS,8477424.0,6,6,1,0,CONNOR HELLEBUYCK,8476945.0,JUUSE SAROS,8477424.0,,,PETER LAVIOLETTE,PAUL MAURICE
2206,20325,2019-11-19,1,FAC,WPG won Def. Zone - WPG #17 LOWRY vs NSH #95 DUCHENE,17:07,1027.0,5x5,Def,,WPG,Off,WPG,NSH,ADAM LOWRY,8476392.0,MATT DUCHENE,8475168.0,,,ANDREW COPP,8477429.0,MATHIEU PERREAULT,8473618.0,ADAM LOWRY,8476392.0,LUCA SBISA,8474579.0,NATHAN BEAULIEU,8476470.0,CONNOR HELLEBUYCK,8476945.0,CALLE JARNKROK,8475714.0,MIKAEL GRANLUND,8475798.0,MATT DUCHENE,8475168.0,STEVEN SANTINI,8477463.0,DAN HAMHUIS,8469465.0,JUUSE SAROS,8477424.0,6,6,1,0,CONNOR HELLEBUYCK,8476945.0,JUUSE SAROS,8477424.0,69.0,22.0,PETER LAVIOLETTE,PAUL MAURICE
2207,20325,2019-11-19,1,SHOT,WPG ONGOAL - #5 SBISA Wrist Off. Zone 51 ft.,17:20,1040.0,5x5,Off,WRIST SHOT,WPG,Def,WPG,NSH,LUCA SBISA,8474579.0,,,,,ANDREW COPP,8477429.0,MATHIEU PERREAULT,8473618.0,ADAM LOWRY,8476392.0,LUCA SBISA,8474579.0,NATHAN BEAULIEU,8476470.0,CONNOR HELLEBUYCK,8476945.0,CALLE JARNKROK,8475714.0,MIKAEL GRANLUND,8475798.0,MATT DUCHENE,8475168.0,STEVEN SANTINI,8477463.0,DAN HAMHUIS,8469465.0,JUUSE SAROS,8477424.0,6,6,1,0,CONNOR HELLEBUYCK,8476945.0,JUUSE SAROS,8477424.0,-42.0,20.0,PETER LAVIOLETTE,PAUL MAURICE
2208,20325,2019-11-19,1,STOP,GOALIE STOPPED (AFTER SOG),17:20,1040.0,5x5,,,,,WPG,NSH,,,,,,,ANDREW COPP,8477429.0,MATHIEU PERREAULT,8473618.0,ADAM LOWRY,8476392.0,LUCA SBISA,8474579.0,NATHAN BEAULIEU,8476470.0,CONNOR HELLEBUYCK,8476945.0,CALLE JARNKROK,8475714.0,MIKAEL GRANLUND,8475798.0,MATT DUCHENE,8475168.0,STEVEN SANTINI,8477463.0,DAN HAMHUIS,8469465.0,JUUSE SAROS,8477424.0,6,6,1,0,CONNOR HELLEBUYCK,8476945.0,JUUSE SAROS,8477424.0,,,PETER LAVIOLETTE,PAUL MAURICE
2248,20325,2019-11-19,2,FAC,WPG won Def. Zone - WPG #55 SCHEIFELE vs NSH #92 JOHANSEN,3:22,202.0,5x5,Def,,WPG,Off,WPG,NSH,MARK SCHEIFELE,8476460.0,RYAN JOHANSEN,8475793.0,,,JACK ROSLOVIC,8478458.0,MARK SCHEIFELE,8476460.0,NIKOLAJ EHLERS,8477940.0,TUCKER POOLMAN,8477359.0,JOSH MORRISSEY,8477504.0,CONNOR HELLEBUYCK,8476945.0,RYAN JOHANSEN,8475793.0,FILIP FORSBERG,8476887.0,VIKTOR ARVIDSSON,8478042.0,STEVEN SANTINI,8477463.0,DAN HAMHUIS,8469465.0,JUUSE SAROS,8477424.0,6,6,1,0,CONNOR HELLEBUYCK,8476945.0,JUUSE SAROS,8477424.0,-69.0,22.0,PETER LAVIOLETTE,PAUL MAURICE
2249,20325,2019-11-19,2,BLOCK,WPG #3 POOLMAN BLOCKED BY  NSH #5 HAMHUIS Slap Def. Zone,3:39,219.0,5x5,Def,SLAP SHOT,WPG,Def,WPG,NSH,DAN HAMHUIS,8469465.0,TUCKER POOLMAN,8477359.0,,,JACK ROSLOVIC,8478458.0,MARK SCHEIFELE,8476460.0,NIKOLAJ EHLERS,8477940.0,TUCKER POOLMAN,8477359.0,JOSH MORRISSEY,8477504.0,CONNOR HELLEBUYCK,8476945.0,RYAN JOHANSEN,8475793.0,FILIP FORSBERG,8476887.0,VIKTOR ARVIDSSON,8478042.0,STEVEN SANTINI,8477463.0,DAN HAMHUIS,8469465.0,JUUSE SAROS,8477424.0,6,6,1,0,CONNOR HELLEBUYCK,8476945.0,JUUSE SAROS,8477424.0,75.0,-15.0,PETER LAVIOLETTE,PAUL MAURICE
2250,20325,2019-11-19,2,GOAL,WPG #27 EHLERS(10) Wrist Off. Zone 35 ft.Assists: #28 ROSLOVIC(5); #55 SCHEIFELE(13),3:47,227.0,5x5,Off,WRIST SHOT,WPG,Def,WPG,NSH,NIKOLAJ EHLERS,8477940.0,JACK ROSLOVIC,8478458.0,MARK SCHEIFELE,8476460.0,JACK ROSLOVIC,8478458.0,MARK SCHEIFELE,8476460.0,NIKOLAJ EHLERS,8477940.0,TUCKER POOLMAN,8477359.0,JOSH MORRISSEY,8477504.0,CONNOR HELLEBUYCK,8476945.0,RYAN JOHANSEN,8475793.0,FILIP FORSBERG,8476887.0,VIKTOR ARVIDSSON,8478042.0,STEVEN SANTINI,8477463.0,DAN HAMHUIS,8469465.0,JUUSE SAROS,8477424.0,6,6,1,0,CONNOR HELLEBUYCK,8476945.0,JUUSE SAROS,8477424.0,54.0,-6.0,PETER LAVIOLETTE,PAUL MAURICE
2261,20325,2019-11-19,2,HIT,NSH #5 HAMHUIS HIT WPG #29 LAINE Def. Zone,6:52,412.0,5x5,Def,,NSH,Def,WPG,NSH,DAN HAMHUIS,8469465.0,PATRIK LAINE,8479339.0,,,MARK SCHEIFELE,8476460.0,PATRIK LAINE,8479339.0,KYLE CONNOR,8478398.0,TUCKER POOLMAN,8477359.0,JOSH MORRISSEY,8477504.0,CONNOR HELLEBUYCK,8476945.0,CALLE JARNKROK,8475714.0,MIKAEL GRANLUND,8475798.0,MATT DUCHENE,8475168.0,STEVEN SANTINI,8477463.0,DAN HAMHUIS,8469465.0,JUUSE SAROS,8477424.0,6,6,2,0,CONNOR HELLEBUYCK,8476945.0,JUUSE SAROS,8477424.0,86.0,-32.0,PETER LAVIOLETTE,PAUL MAURICE
2262,20325,2019-11-19,2,STOP,ICING,7:19,439.0,5x5,,,,,WPG,NSH,,,,,,,MARK SCHEIFELE,8476460.0,PATRIK LAINE,8479339.0,KYLE CONNOR,8478398.0,TUCKER POOLMAN,8477359.0,JOSH MORRISSEY,8477504.0,CONNOR HELLEBUYCK,8476945.0,MIKAEL GRANLUND,8475798.0,MATT DUCHENE,8475168.0,FILIP FORSBERG,8476887.0,STEVEN SANTINI,8477463.0,DAN HAMHUIS,8469465.0,JUUSE SAROS,8477424.0,6,6,2,0,CONNOR HELLEBUYCK,8476945.0,JUUSE SAROS,8477424.0,,,PETER LAVIOLETTE,PAUL MAURICE
2266,20325,2019-11-19,2,FAC,WPG won Off. Zone - WPG #19 GUSTAFSSON vs NSH #10 SISSONS,7:48,468.0,5x5,Off,,WPG,Def,WPG,NSH,DAVID GUSTAFSSON,8481019.0,COLTON SISSONS,8476925.0,,,DAVID GUSTAFSSON,8481019.0,LOGAN SHAW,8476400.0,JOONA LUOTO,8481649.0,LUCA SBISA,8474579.0,NATHAN BEAULIEU,8476470.0,CONNOR HELLEBUYCK,8476945.0,COLTON SISSONS,8476925.0,MATHIEU OLIVIER,8479671.0,AUSTIN WATSON,8475766.0,STEVEN SANTINI,8477463.0,DAN HAMHUIS,8469465.0,JUUSE SAROS,8477424.0,6,6,2,0,CONNOR HELLEBUYCK,8476945.0,JUUSE SAROS,8477424.0,69.0,22.0,PETER LAVIOLETTE,PAUL MAURICE
2267,20325,2019-11-19,2,MISS,WPG #46 LUOTO Wrist Wide of Net Off. Zone 31 ft.,7:54,474.0,5x5,Off,WRIST SHOT,WPG,Def,WPG,NSH,JOONA LUOTO,8481649.0,,,,,DAVID GUSTAFSSON,8481019.0,LOGAN SHAW,8476400.0,JOONA LUOTO,8481649.0,LUCA SBISA,8474579.0,NATHAN BEAULIEU,8476470.0,CONNOR HELLEBUYCK,8476945.0,COLTON SISSONS,8476925.0,MATHIEU OLIVIER,8479671.0,AUSTIN WATSON,8475766.0,STEVEN SANTINI,8477463.0,DAN HAMHUIS,8469465.0,JUUSE SAROS,8477424.0,6,6,2,0,CONNOR HELLEBUYCK,8476945.0,JUUSE SAROS,8477424.0,73.0,27.0,PETER LAVIOLETTE,PAUL MAURICE
2268,20325,2019-11-19,2,BLOCK,WPG #46 LUOTO BLOCKED BY  NSH #51 WATSON Wrist Def. Zone,8:06,486.0,5x5,Def,WRIST SHOT,WPG,Def,WPG,NSH,AUSTIN WATSON,8475766.0,JOONA LUOTO,8481649.0,,,DAVID GUSTAFSSON,8481019.0,LOGAN SHAW,8476400.0,JOONA LUOTO,8481649.0,LUCA SBISA,8474579.0,NATHAN BEAULIEU,8476470.0,CONNOR HELLEBUYCK,8476945.0,COLTON SISSONS,8476925.0,MATHIEU OLIVIER,8479671.0,AUSTIN WATSON,8475766.0,STEVEN SANTINI,8477463.0,DAN HAMHUIS,8469465.0,JUUSE SAROS,8477424.0,6,6,2,0,CONNOR HELLEBUYCK,8476945.0,JUUSE SAROS,8477424.0,73.0,20.0,PETER LAVIOLETTE,PAUL MAURICE
2269,20325,2019-11-19,2,SHOT,WPG ONGOAL - #5 SBISA Wrist Off. Zone 57 ft.,8:11,491.0,5x5,Off,WRIST SHOT,WPG,Def,WPG,NSH,LUCA SBISA,8474579.0,,,,,DAVID GUSTAFSSON,8481019.0,LOGAN SHAW,8476400.0,JOONA LUOTO,8481649.0,LUCA SBISA,8474579.0,NATHAN BEAULIEU,8476470.0,CONNOR HELLEBUYCK,8476945.0,COLTON SISSONS,8476925.0,MATHIEU OLIVIER,8479671.0,AUSTIN WATSON,8475766.0,STEVEN SANTINI,8477463.0,DAN HAMHUIS,8469465.0,JUUSE SAROS,8477424.0,6,6,2,0,CONNOR HELLEBUYCK,8476945.0,JUUSE SAROS,8477424.0,37.0,24.0,PETER LAVIOLETTE,PAUL MAURICE
2270,20325,2019-11-19,2,STOP,GOALIE STOPPED (AFTER SOG),8:12,492.0,5x5,,,,,WPG,NSH,,,,,,,DAVID GUSTAFSSON,8481019.0,LOGAN SHAW,8476400.0,JOONA LUOTO,8481649.0,LUCA SBISA,8474579.0,NATHAN BEAULIEU,8476470.0,CONNOR HELLEBUYCK,8476945.0,COLTON SISSONS,8476925.0,MATHIEU OLIVIER,8479671.0,AUSTIN WATSON,8475766.0,STEVEN SANTINI,8477463.0,DAN HAMHUIS,8469465.0,JUUSE SAROS,8477424.0,6,6,2,0,CONNOR HELLEBUYCK,8476945.0,JUUSE SAROS,8477424.0,,,PETER LAVIOLETTE,PAUL MAURICE
2291,20325,2019-11-19,2,TAKE,WPG TAKEAWAY - #29 LAINE Neu. Zone,14:48,888.0,5x5,Neu,,WPG,Neu,WPG,NSH,PATRIK LAINE,8479339.0,,,,,MARK SCHEIFELE,8476460.0,PATRIK LAINE,8479339.0,KYLE CONNOR,8478398.0,NEAL PIONK,8480145.0,DMITRY KULIKOV,8475179.0,CONNOR HELLEBUYCK,8476945.0,RYAN JOHANSEN,8475793.0,FILIP FORSBERG,8476887.0,VIKTOR ARVIDSSON,8478042.0,STEVEN SANTINI,8477463.0,DAN HAMHUIS,8469465.0,JUUSE SAROS,8477424.0,6,6,2,0,CONNOR HELLEBUYCK,8476945.0,JUUSE SAROS,8477424.0,-15.0,3.0,PETER LAVIOLETTE,PAUL MAURICE
2292,20325,2019-11-19,2,MISS,WPG #29 LAINE Wrist Over Net Off. Zone 30 ft.,14:51,891.0,5x5,Off,WRIST SHOT,WPG,Def,WPG,NSH,PATRIK LAINE,8479339.0,,,,,MARK SCHEIFELE,8476460.0,PATRIK LAINE,8479339.0,KYLE CONNOR,8478398.0,NEAL PIONK,8480145.0,DMITRY KULIKOV,8475179.0,CONNOR HELLEBUYCK,8476945.0,ROCCO GRIMALDI,8476428.0,RYAN JOHANSEN,8475793.0,VIKTOR ARVIDSSON,8478042.0,STEVEN SANTINI,8477463.0,DAN HAMHUIS,8469465.0,JUUSE SAROS,8477424.0,6,6,2,0,CONNOR HELLEBUYCK,8476945.0,JUUSE SAROS,8477424.0,60.0,-9.0,PETER LAVIOLETTE,PAUL MAURICE
2293,20325,2019-11-19,2,BLOCK,NSH #5 HAMHUIS BLOCKED BY  WPG #29 LAINE Wrist Def. Zone,15:20,920.0,5x5,Def,WRIST SHOT,NSH,Off,WPG,NSH,PATRIK LAINE,8479339.0,DAN HAMHUIS,8469465.0,,,MARK SCHEIFELE,8476460.0,PATRIK LAINE,8479339.0,KYLE CONNOR,8478398.0,NEAL PIONK,8480145.0,DMITRY KULIKOV,8475179.0,CONNOR HELLEBUYCK,8476945.0,NICK BONINO,8474009.0,CRAIG SMITH,8475225.0,ROCCO GRIMALDI,8476428.0,STEVEN SANTINI,8477463.0,DAN HAMHUIS,8469465.0,JUUSE SAROS,8477424.0,6,6,2,0,CONNOR HELLEBUYCK,8476945.0,JUUSE SAROS,8477424.0,-45.0,-10.0,PETER LAVIOLETTE,PAUL MAURICE
2296,20325,2019-11-19,2,GOAL,NSH #13 BONINO(9) Wrist Off. Zone 19 ft.Assists: #23 GRIMALDI(8); #5 HAMHUIS(2),18:11,1091.0,5x5,Off,WRIST SHOT,NSH,Off,WPG,NSH,NICK BONINO,8474009.0,ROCCO GRIMALDI,8476428.0,DAN HAMHUIS,8469465.0,MARK SCHEIFELE,8476460.0,PATRIK LAINE,8479339.0,KYLE CONNOR,8478398.0,NEAL PIONK,8480145.0,DMITRY KULIKOV,8475179.0,CONNOR HELLEBUYCK,8476945.0,NICK BONINO,8474009.0,CRAIG SMITH,8475225.0,ROCCO GRIMALDI,8476428.0,STEVEN SANTINI,8477463.0,DAN HAMHUIS,8469465.0,JUUSE SAROS,8477424.0,6,6,2,0,CONNOR HELLEBUYCK,8476945.0,JUUSE SAROS,8477424.0,-80.0,17.0,PETER LAVIOLETTE,PAUL MAURICE
2297,20325,2019-11-19,2,FAC,WPG won Neu. Zone - WPG #17 LOWRY vs NSH #10 SISSONS,18:11,1091.0,5x5,Neu,,WPG,Neu,WPG,NSH,ADAM LOWRY,8476392.0,COLTON SISSONS,8476925.0,,,ANDREW COPP,8477429.0,MATHIEU PERREAULT,8473618.0,ADAM LOWRY,8476392.0,TUCKER POOLMAN,8477359.0,JOSH MORRISSEY,8477504.0,CONNOR HELLEBUYCK,8476945.0,COLTON SISSONS,8476925.0,MATHIEU OLIVIER,8479671.0,AUSTIN WATSON,8475766.0,STEVEN SANTINI,8477463.0,DAN HAMHUIS,8469465.0,JUUSE SAROS,8477424.0,6,6,2,1,CONNOR HELLEBUYCK,8476945.0,JUUSE SAROS,8477424.0,0.0,0.0,PETER LAVIOLETTE,PAUL MAURICE
2298,20325,2019-11-19,2,PENL,NSH #3 SANTINI Delay Game - Puck over glass(2 min) Def. Zone,18:21,1101.0,5x5,Def,Delay Game - Puck over glass(2 min),NSH,Def,WPG,NSH,STEVEN SANTINI,8477463.0,,,,,ANDREW COPP,8477429.0,MATHIEU PERREAULT,8473618.0,ADAM LOWRY,8476392.0,TUCKER POOLMAN,8477359.0,JOSH MORRISSEY,8477504.0,CONNOR HELLEBUYCK,8476945.0,COLTON SISSONS,8476925.0,MATHIEU OLIVIER,8479671.0,AUSTIN WATSON,8475766.0,STEVEN SANTINI,8477463.0,DAN HAMHUIS,8469465.0,JUUSE SAROS,8477424.0,6,6,2,1,CONNOR HELLEBUYCK,8476945.0,JUUSE SAROS,8477424.0,53.0,39.0,PETER LAVIOLETTE,PAUL MAURICE
2312,20325,2019-11-19,3,SHOT,NSH ONGOAL - #3 SANTINI Wrist Neu. Zone 84 ft.,0:36,36.0,5x5,Neu,WRIST SHOT,NSH,Neu,WPG,NSH,STEVEN SANTINI,8477463.0,,,,,MARK SCHEIFELE,8476460.0,PATRIK LAINE,8479339.0,KYLE CONNOR,8478398.0,TUCKER POOLMAN,8477359.0,JOSH MORRISSEY,8477504.0,CONNOR HELLEBUYCK,8476945.0,COLTON SISSONS,8476925.0,NICK BONINO,8474009.0,STEVEN SANTINI,8477463.0,DAN HAMHUIS,8469465.0,MATTIAS EKHOLM,8475218.0,JUUSE SAROS,8477424.0,6,6,2,1,CONNOR HELLEBUYCK,8476945.0,JUUSE SAROS,8477424.0,11.0,-33.0,PETER LAVIOLETTE,PAUL MAURICE
2320,20325,2019-11-19,3,SHOT,NSH ONGOAL - #33 ARVIDSSON Backhand Off. Zone 23 ft.,2:24,144.0,5x5,Off,BACKHAND,NSH,Off,WPG,NSH,VIKTOR ARVIDSSON,8478042.0,,,,,JACK ROSLOVIC,8478458.0,MATHIEU PERREAULT,8473618.0,NIKOLAJ EHLERS,8477940.0,TUCKER POOLMAN,8477359.0,JOSH MORRISSEY,8477504.0,CONNOR HELLEBUYCK,8476945.0,NICK BONINO,8474009.0,ROCCO GRIMALDI,8476428.0,VIKTOR ARVIDSSON,8478042.0,STEVEN SANTINI,8477463.0,DAN HAMHUIS,8469465.0,JUUSE SAROS,8477424.0,6,6,2,1,CONNOR HELLEBUYCK,8476945.0,JUUSE SAROS,8477424.0,72.0,-16.0,PETER LAVIOLETTE,PAUL MAURICE
2321,20325,2019-11-19,3,STOP,GOALIE STOPPED (AFTER SOG),2:24,144.0,5x5,,,,,WPG,NSH,,,,,,,JACK ROSLOVIC,8478458.0,MATHIEU PERREAULT,8473618.0,NIKOLAJ EHLERS,8477940.0,TUCKER POOLMAN,8477359.0,JOSH MORRISSEY,8477504.0,CONNOR HELLEBUYCK,8476945.0,NICK BONINO,8474009.0,ROCCO GRIMALDI,8476428.0,VIKTOR ARVIDSSON,8478042.0,STEVEN SANTINI,8477463.0,DAN HAMHUIS,8469465.0,JUUSE SAROS,8477424.0,6,6,2,1,CONNOR HELLEBUYCK,8476945.0,JUUSE SAROS,8477424.0,,,PETER LAVIOLETTE,PAUL MAURICE
2327,20325,2019-11-19,3,FAC,NSH won Def. Zone - WPG #17 LOWRY vs NSH #13 BONINO,3:02,182.0,5x5,Def,,NSH,Def,WPG,NSH,NICK BONINO,8474009.0,ADAM LOWRY,8476392.0,,,ANDREW COPP,8477429.0,MATHIEU PERREAULT,8473618.0,ADAM LOWRY,8476392.0,NEAL PIONK,8480145.0,DMITRY KULIKOV,8475179.0,CONNOR HELLEBUYCK,8476945.0,COLTON SISSONS,8476925.0,NICK BONINO,8474009.0,AUSTIN WATSON,8475766.0,STEVEN SANTINI,8477463.0,DAN HAMHUIS,8469465.0,JUUSE SAROS,8477424.0,6,6,2,1,CONNOR HELLEBUYCK,8476945.0,JUUSE SAROS,8477424.0,-69.0,22.0,PETER LAVIOLETTE,PAUL MAURICE
2328,20325,2019-11-19,3,BLOCK,NSH #25 OLIVIER BLOCKED BY  WPG #7 KULIKOV Wrist Def. Zone,3:22,202.0,5x5,Def,WRIST SHOT,NSH,Off,WPG,NSH,DMITRY KULIKOV,8475179.0,MATHIEU OLIVIER,8479671.0,,,ANDREW COPP,8477429.0,MATHIEU PERREAULT,8473618.0,ADAM LOWRY,8476392.0,NEAL PIONK,8480145.0,DMITRY KULIKOV,8475179.0,CONNOR HELLEBUYCK,8476945.0,COLTON SISSONS,8476925.0,MATHIEU OLIVIER,8479671.0,AUSTIN WATSON,8475766.0,STEVEN SANTINI,8477463.0,DAN HAMHUIS,8469465.0,JUUSE SAROS,8477424.0,6,6,2,1,CONNOR HELLEBUYCK,8476945.0,JUUSE SAROS,8477424.0,61.0,9.0,PETER LAVIOLETTE,PAUL MAURICE
2329,20325,2019-11-19,3,STOP,PUCK IN CROWD,3:23,203.0,5x5,,,,,WPG,NSH,,,,,,,ANDREW COPP,8477429.0,MATHIEU PERREAULT,8473618.0,ADAM LOWRY,8476392.0,NEAL PIONK,8480145.0,DMITRY KULIKOV,8475179.0,CONNOR HELLEBUYCK,8476945.0,COLTON SISSONS,8476925.0,MATHIEU OLIVIER,8479671.0,AUSTIN WATSON,8475766.0,STEVEN SANTINI,8477463.0,DAN HAMHUIS,8469465.0,JUUSE SAROS,8477424.0,6,6,2,1,CONNOR HELLEBUYCK,8476945.0,JUUSE SAROS,8477424.0,,,PETER LAVIOLETTE,PAUL MAURICE
2338,20325,2019-11-19,3,FAC,NSH won Off. Zone - WPG #17 LOWRY vs NSH #92 JOHANSEN,4:22,262.0,5x5,Off,,NSH,Off,WPG,NSH,RYAN JOHANSEN,8475793.0,ADAM LOWRY,8476392.0,,,ANDREW COPP,8477429.0,MATHIEU PERREAULT,8473618.0,ADAM LOWRY,8476392.0,TUCKER POOLMAN,8477359.0,JOSH MORRISSEY,8477504.0,CONNOR HELLEBUYCK,8476945.0,RYAN JOHANSEN,8475793.0,FILIP FORSBERG,8476887.0,VIKTOR ARVIDSSON,8478042.0,STEVEN SANTINI,8477463.0,DAN HAMHUIS,8469465.0,JUUSE SAROS,8477424.0,6,6,2,1,CONNOR HELLEBUYCK,8476945.0,JUUSE SAROS,8477424.0,69.0,-22.0,PETER LAVIOLETTE,PAUL MAURICE
2339,20325,2019-11-19,3,HIT,NSH #3 SANTINI HIT WPG #9 COPP Def. Zone,4:29,269.0,5x5,Def,,NSH,Def,WPG,NSH,STEVEN SANTINI,8477463.0,ANDREW COPP,8477429.0,,,ANDREW COPP,8477429.0,MATHIEU PERREAULT,8473618.0,ADAM LOWRY,8476392.0,TUCKER POOLMAN,8477359.0,JOSH MORRISSEY,8477504.0,CONNOR HELLEBUYCK,8476945.0,RYAN JOHANSEN,8475793.0,FILIP FORSBERG,8476887.0,VIKTOR ARVIDSSON,8478042.0,STEVEN SANTINI,8477463.0,DAN HAMHUIS,8469465.0,JUUSE SAROS,8477424.0,6,6,2,1,CONNOR HELLEBUYCK,8476945.0,JUUSE SAROS,8477424.0,-39.0,-37.0,PETER LAVIOLETTE,PAUL MAURICE
2340,20325,2019-11-19,3,TAKE,WPG TAKEAWAY - #17 LOWRY Def. Zone,4:48,288.0,5x5,Def,,WPG,Off,WPG,NSH,ADAM LOWRY,8476392.0,,,,,ANDREW COPP,8477429.0,MATHIEU PERREAULT,8473618.0,ADAM LOWRY,8476392.0,TUCKER POOLMAN,8477359.0,JOSH MORRISSEY,8477504.0,CONNOR HELLEBUYCK,8476945.0,RYAN JOHANSEN,8475793.0,FILIP FORSBERG,8476887.0,VIKTOR ARVIDSSON,8478042.0,STEVEN SANTINI,8477463.0,DAN HAMHUIS,8469465.0,JUUSE SAROS,8477424.0,6,6,2,1,CONNOR HELLEBUYCK,8476945.0,JUUSE SAROS,8477424.0,38.0,30.0,PETER LAVIOLETTE,PAUL MAURICE
2341,20325,2019-11-19,3,SHOT,WPG ONGOAL - #9 COPP Wrist Off. Zone 33 ft.,4:53,293.0,5x5,Off,WRIST SHOT,WPG,Def,WPG,NSH,ANDREW COPP,8477429.0,,,,,ANDREW COPP,8477429.0,MATHIEU PERREAULT,8473618.0,ADAM LOWRY,8476392.0,LUCA SBISA,8474579.0,NATHAN BEAULIEU,8476470.0,CONNOR HELLEBUYCK,8476945.0,RYAN JOHANSEN,8475793.0,FILIP FORSBERG,8476887.0,VIKTOR ARVIDSSON,8478042.0,STEVEN SANTINI,8477463.0,DAN HAMHUIS,8469465.0,JUUSE SAROS,8477424.0,6,6,2,1,CONNOR HELLEBUYCK,8476945.0,JUUSE SAROS,8477424.0,-64.0,22.0,PETER LAVIOLETTE,PAUL MAURICE
2342,20325,2019-11-19,3,STOP,OFFSIDE,4:59,299.0,5x5,,,,,WPG,NSH,,,,,,,ANDREW COPP,8477429.0,MATHIEU PERREAULT,8473618.0,ADAM LOWRY,8476392.0,LUCA SBISA,8474579.0,NATHAN BEAULIEU,8476470.0,CONNOR HELLEBUYCK,8476945.0,RYAN JOHANSEN,8475793.0,FILIP FORSBERG,8476887.0,VIKTOR ARVIDSSON,8478042.0,STEVEN SANTINI,8477463.0,DAN HAMHUIS,8469465.0,JUUSE SAROS,8477424.0,6,6,2,1,CONNOR HELLEBUYCK,8476945.0,JUUSE SAROS,8477424.0,,,PETER LAVIOLETTE,PAUL MAURICE
2355,20325,2019-11-19,3,FAC,WPG won Def. Zone - WPG #17 LOWRY vs NSH #13 BONINO,8:14,494.0,5x5,Def,,WPG,Off,WPG,NSH,ADAM LOWRY,8476392.0,NICK BONINO,8474009.0,,,ANDREW COPP,8477429.0,MATHIEU PERREAULT,8473618.0,ADAM LOWRY,8476392.0,LUCA SBISA,8474579.0,NATHAN BEAULIEU,8476470.0,CONNOR HELLEBUYCK,8476945.0,NICK BONINO,8474009.0,CRAIG SMITH,8475225.0,ROCCO GRIMALDI,8476428.0,STEVEN SANTINI,8477463.0,DAN HAMHUIS,8469465.0,JUUSE SAROS,8477424.0,6,6,2,1,CONNOR HELLEBUYCK,8476945.0,JUUSE SAROS,8477424.0,69.0,22.0,PETER LAVIOLETTE,PAUL MAURICE
2356,20325,2019-11-19,3,MISS,NSH #15 SMITH Wrist Wide of Net Off. Zone 38 ft.,8:25,505.0,5x5,Off,WRIST SHOT,NSH,Off,WPG,NSH,CRAIG SMITH,8475225.0,,,,,ANDREW COPP,8477429.0,MATHIEU PERREAULT,8473618.0,ADAM LOWRY,8476392.0,LUCA SBISA,8474579.0,NATHAN BEAULIEU,8476470.0,CONNOR HELLEBUYCK,8476945.0,NICK BONINO,8474009.0,CRAIG SMITH,8475225.0,ROCCO GRIMALDI,8476428.0,STEVEN SANTINI,8477463.0,DAN HAMHUIS,8469465.0,JUUSE SAROS,8477424.0,6,6,2,1,CONNOR HELLEBUYCK,8476945.0,JUUSE SAROS,8477424.0,58.0,-22.0,PETER LAVIOLETTE,PAUL MAURICE
2357,20325,2019-11-19,3,TAKE,WPG TAKEAWAY - #85 PERREAULT Def. Zone,8:33,513.0,5x5,Def,,WPG,Off,WPG,NSH,MATHIEU PERREAULT,8473618.0,,,,,ANDREW COPP,8477429.0,MATHIEU PERREAULT,8473618.0,ADAM LOWRY,8476392.0,LUCA SBISA,8474579.0,NATHAN BEAULIEU,8476470.0,CONNOR HELLEBUYCK,8476945.0,NICK BONINO,8474009.0,CRAIG SMITH,8475225.0,ROCCO GRIMALDI,8476428.0,STEVEN SANTINI,8477463.0,DAN HAMHUIS,8469465.0,JUUSE SAROS,8477424.0,6,6,2,1,CONNOR HELLEBUYCK,8476945.0,JUUSE SAROS,8477424.0,35.0,34.0,PETER LAVIOLETTE,PAUL MAURICE
2384,20325,2019-11-19,3,FAC,WPG won Neu. Zone - WPG #17 LOWRY vs NSH #92 JOHANSEN,13:31,811.0,5x5,Neu,,WPG,Neu,WPG,NSH,ADAM LOWRY,8476392.0,RYAN JOHANSEN,8475793.0,,,ANDREW COPP,8477429.0,MATHIEU PERREAULT,8473618.0,ADAM LOWRY,8476392.0,NEAL PIONK,8480145.0,DMITRY KULIKOV,8475179.0,CONNOR HELLEBUYCK,8476945.0,RYAN JOHANSEN,8475793.0,FILIP FORSBERG,8476887.0,VIKTOR ARVIDSSON,8478042.0,STEVEN SANTINI,8477463.0,DAN HAMHUIS,8469465.0,JUUSE SAROS,8477424.0,6,6,2,1,CONNOR HELLEBUYCK,8476945.0,JUUSE SAROS,8477424.0,-20.0,-22.0,PETER LAVIOLETTE,PAUL MAURICE
2385,20325,2019-11-19,3,STOP,ICING,13:39,819.0,5x5,,,,,WPG,NSH,,,,,,,ANDREW COPP,8477429.0,MATHIEU PERREAULT,8473618.0,ADAM LOWRY,8476392.0,NEAL PIONK,8480145.0,DMITRY KULIKOV,8475179.0,CONNOR HELLEBUYCK,8476945.0,RYAN JOHANSEN,8475793.0,FILIP FORSBERG,8476887.0,VIKTOR ARVIDSSON,8478042.0,STEVEN SANTINI,8477463.0,DAN HAMHUIS,8469465.0,JUUSE SAROS,8477424.0,6,6,2,1,CONNOR HELLEBUYCK,8476945.0,JUUSE SAROS,8477424.0,,,PETER LAVIOLETTE,PAUL MAURICE
1846,20339,2019-11-21,1,GIVE,NSH GIVEAWAY - #15 SMITH Off. Zone,1:36,96.0,5x5,Off,,NSH,Off,VAN,NSH,CRAIG SMITH,8475225.0,,,,,ADAM GAUDETTE,8478874.0,JAKE VIRTANEN,8477937.0,JOSH LEIVO,8476410.0,CHRISTOPHER TANEV,8475690.0,QUINN HUGHES,8480800.0,JACOB MARKSTROM,8474593.0,NICK BONINO,8474009.0,CRAIG SMITH,8475225.0,ROCCO GRIMALDI,8476428.0,STEVEN SANTINI,8477463.0,DAN HAMHUIS,8469465.0,PEKKA RINNE,8471469.0,6,6,0,0,JACOB MARKSTROM,8474593.0,PEKKA RINNE,8471469.0,85.0,-23.0,PETER LAVIOLETTE,TRAVIS GREEN
1847,20339,2019-11-21,1,DELPEN,VAN,2:07,127.0,5x5,,,,,VAN,NSH,,,,,,,TYLER GRAOVAC,8476344.0,ADAM GAUDETTE,8478874.0,JOSH LEIVO,8476410.0,CHRISTOPHER TANEV,8475690.0,QUINN HUGHES,8480800.0,JACOB MARKSTROM,8474593.0,NICK BONINO,8474009.0,CRAIG SMITH,8475225.0,ROCCO GRIMALDI,8476428.0,STEVEN SANTINI,8477463.0,DAN HAMHUIS,8469465.0,PEKKA RINNE,8471469.0,6,6,0,0,JACOB MARKSTROM,8474593.0,PEKKA RINNE,8471469.0,,,PETER LAVIOLETTE,TRAVIS GREEN
1848,20339,2019-11-21,1,PENL,VAN #88 GAUDETTE Interference(2 min) Neu. Zone Drawn By: NSH #3 SANTINI,2:07,127.0,5x5,Neu,Interference(2 min),VAN,Neu,VAN,NSH,ADAM GAUDETTE,8478874.0,STEVEN SANTINI,8477463.0,,,TYLER GRAOVAC,8476344.0,ADAM GAUDETTE,8478874.0,JOSH LEIVO,8476410.0,CHRISTOPHER TANEV,8475690.0,QUINN HUGHES,8480800.0,JACOB MARKSTROM,8474593.0,NICK BONINO,8474009.0,CRAIG SMITH,8475225.0,ROCCO GRIMALDI,8476428.0,STEVEN SANTINI,8477463.0,DAN HAMHUIS,8469465.0,PEKKA RINNE,8471469.0,6,6,0,0,JACOB MARKSTROM,8474593.0,PEKKA RINNE,8471469.0,-10.0,-30.0,PETER LAVIOLETTE,TRAVIS GREEN
1861,20339,2019-11-21,1,GIVE,VAN GIVEAWAY - #18 VIRTANEN Def. Zone,6:16,376.0,5x5,Def,,VAN,Off,VAN,NSH,JAKE VIRTANEN,8477937.0,,,,,ADAM GAUDETTE,8478874.0,JAKE VIRTANEN,8477937.0,JOSH LEIVO,8476410.0,JORDIE BENN,8474818.0,TYLER MYERS,8474574.0,JACOB MARKSTROM,8474593.0,CALLE JARNKROK,8475714.0,MIKAEL GRANLUND,8475798.0,MATT DUCHENE,8475168.0,STEVEN SANTINI,8477463.0,DAN HAMHUIS,8469465.0,PEKKA RINNE,8471469.0,6,6,0,0,JACOB MARKSTROM,8474593.0,PEKKA RINNE,8471469.0,85.0,32.0,PETER LAVIOLETTE,TRAVIS GREEN
1862,20339,2019-11-21,1,BLOCK,NSH #5 HAMHUIS BLOCKED BY  VAN #57 MYERS Wrist Def. Zone,6:24,384.0,5x5,Def,WRIST SHOT,NSH,Off,VAN,NSH,TYLER MYERS,8474574.0,DAN HAMHUIS,8469465.0,,,ADAM GAUDETTE,8478874.0,JAKE VIRTANEN,8477937.0,JOSH LEIVO,8476410.0,JORDIE BENN,8474818.0,TYLER MYERS,8474574.0,JACOB MARKSTROM,8474593.0,CALLE JARNKROK,8475714.0,MIKAEL GRANLUND,8475798.0,MATT DUCHENE,8475168.0,STEVEN SANTINI,8477463.0,DAN HAMHUIS,8469465.0,PEKKA RINNE,8471469.0,6,6,0,0,JACOB MARKSTROM,8474593.0,PEKKA RINNE,8471469.0,52.0,7.0,PETER LAVIOLETTE,TRAVIS GREEN
1863,20339,2019-11-21,1,TAKE,NSH TAKEAWAY - #19 JARNKROK Off. Zone,6:24,384.0,5x5,Off,,NSH,Off,VAN,NSH,CALLE JARNKROK,8475714.0,,,,,ADAM GAUDETTE,8478874.0,JAKE VIRTANEN,8477937.0,JOSH LEIVO,8476410.0,JORDIE BENN,8474818.0,TYLER MYERS,8474574.0,JACOB MARKSTROM,8474593.0,CALLE JARNKROK,8475714.0,MIKAEL GRANLUND,8475798.0,MATT DUCHENE,8475168.0,STEVEN SANTINI,8477463.0,DAN HAMHUIS,8469465.0,PEKKA RINNE,8471469.0,6,6,0,0,JACOB MARKSTROM,8474593.0,PEKKA RINNE,8471469.0,53.0,10.0,PETER LAVIOLETTE,TRAVIS GREEN
1864,20339,2019-11-21,1,STOP,OFFSIDETV TIMEOUT,6:30,390.0,5x5,,,,,VAN,NSH,,,,,,,TYLER GRAOVAC,8476344.0,ADAM GAUDETTE,8478874.0,JOSH LEIVO,8476410.0,JORDIE BENN,8474818.0,TYLER MYERS,8474574.0,JACOB MARKSTROM,8474593.0,CALLE JARNKROK,8475714.0,MIKAEL GRANLUND,8475798.0,MATT DUCHENE,8475168.0,STEVEN SANTINI,8477463.0,DAN HAMHUIS,8469465.0,PEKKA RINNE,8471469.0,6,6,0,0,JACOB MARKSTROM,8474593.0,PEKKA RINNE,8471469.0,,,PETER LAVIOLETTE,TRAVIS GREEN
1865,20339,2019-11-21,1,FAC,VAN won Neu. Zone - VAN #83 BEAGLE vs NSH #13 BONINO,6:30,390.0,5x5,Neu,,VAN,Neu,VAN,NSH,JAY BEAGLE,8474291.0,NICK BONINO,8474009.0,,,TYLER GRAOVAC,8476344.0,TIM SCHALLER,8477213.0,JAY BEAGLE,8474291.0,ALEXANDER EDLER,8471303.0,TROY STECHER,8479442.0,JACOB MARKSTROM,8474593.0,NICK BONINO,8474009.0,CRAIG SMITH,8475225.0,ROCCO GRIMALDI,8476428.0,STEVEN SANTINI,8477463.0,DAN HAMHUIS,8469465.0,PEKKA RINNE,8471469.0,6,6,0,0,JACOB MARKSTROM,8474593.0,PEKKA RINNE,8471469.0,0.0,0.0,PETER LAVIOLETTE,TRAVIS GREEN
1866,20339,2019-11-21,1,STOP,PUCK IN BENCHES,6:35,395.0,5x5,,,,,VAN,NSH,,,,,,,TYLER GRAOVAC,8476344.0,TIM SCHALLER,8477213.0,JAY BEAGLE,8474291.0,ALEXANDER EDLER,8471303.0,TROY STECHER,8479442.0,JACOB MARKSTROM,8474593.0,NICK BONINO,8474009.0,CRAIG SMITH,8475225.0,ROCCO GRIMALDI,8476428.0,STEVEN SANTINI,8477463.0,DAN HAMHUIS,8469465.0,PEKKA RINNE,8471469.0,6,6,0,0,JACOB MARKSTROM,8474593.0,PEKKA RINNE,8471469.0,,,PETER LAVIOLETTE,TRAVIS GREEN
1867,20339,2019-11-21,1,FAC,VAN won Neu. Zone - VAN #83 BEAGLE vs NSH #10 SISSONS,6:35,395.0,5x5,Neu,,VAN,Neu,VAN,NSH,JAY BEAGLE,8474291.0,COLTON SISSONS,8476925.0,,,TYLER GRAOVAC,8476344.0,TIM SCHALLER,8477213.0,JAY BEAGLE,8474291.0,ALEXANDER EDLER,8471303.0,TROY STECHER,8479442.0,JACOB MARKSTROM,8474593.0,COLTON SISSONS,8476925.0,MATHIEU OLIVIER,8479671.0,AUSTIN WATSON,8475766.0,STEVEN SANTINI,8477463.0,DAN HAMHUIS,8469465.0,PEKKA RINNE,8471469.0,6,6,0,0,JACOB MARKSTROM,8474593.0,PEKKA RINNE,8471469.0,0.0,0.0,PETER LAVIOLETTE,TRAVIS GREEN
1868,20339,2019-11-21,1,SHOT,VAN ONGOAL - #51 STECHER Slap Neu. Zone 98 ft.,6:38,398.0,5x5,Neu,SLAP SHOT,VAN,Neu,VAN,NSH,TROY STECHER,8479442.0,,,,,TYLER GRAOVAC,8476344.0,TIM SCHALLER,8477213.0,JAY BEAGLE,8474291.0,ALEXANDER EDLER,8471303.0,TROY STECHER,8479442.0,JACOB MARKSTROM,8474593.0,COLTON SISSONS,8476925.0,MATHIEU OLIVIER,8479671.0,AUSTIN WATSON,8475766.0,STEVEN SANTINI,8477463.0,DAN HAMHUIS,8469465.0,PEKKA RINNE,8471469.0,6,6,0,0,JACOB MARKSTROM,8474593.0,PEKKA RINNE,8471469.0,9.0,13.0,PETER LAVIOLETTE,TRAVIS GREEN
1869,20339,2019-11-21,1,SHOT,VAN ONGOAL - #59 SCHALLER Wrist Off. Zone 13 ft.,6:56,416.0,5x5,Off,WRIST SHOT,VAN,Def,VAN,NSH,TIM SCHALLER,8477213.0,,,,,TYLER GRAOVAC,8476344.0,TIM SCHALLER,8477213.0,JAY BEAGLE,8474291.0,ALEXANDER EDLER,8471303.0,TROY STECHER,8479442.0,JACOB MARKSTROM,8474593.0,COLTON SISSONS,8476925.0,MATHIEU OLIVIER,8479671.0,AUSTIN WATSON,8475766.0,STEVEN SANTINI,8477463.0,DAN HAMHUIS,8469465.0,PEKKA RINNE,8471469.0,6,6,0,0,JACOB MARKSTROM,8474593.0,PEKKA RINNE,8471469.0,-76.0,3.0,PETER LAVIOLETTE,TRAVIS GREEN
1870,20339,2019-11-21,1,STOP,GOALIE STOPPED (AFTER SOG),6:56,416.0,5x5,,,,,VAN,NSH,,,,,,,TYLER GRAOVAC,8476344.0,TIM SCHALLER,8477213.0,JAY BEAGLE,8474291.0,ALEXANDER EDLER,8471303.0,TROY STECHER,8479442.0,JACOB MARKSTROM,8474593.0,COLTON SISSONS,8476925.0,MATHIEU OLIVIER,8479671.0,AUSTIN WATSON,8475766.0,STEVEN SANTINI,8477463.0,DAN HAMHUIS,8469465.0,PEKKA RINNE,8471469.0,6,6,0,0,JACOB MARKSTROM,8474593.0,PEKKA RINNE,8471469.0,,,PETER LAVIOLETTE,TRAVIS GREEN
1883,20339,2019-11-21,1,HIT,NSH #10 SISSONS HIT VAN #18 VIRTANEN Def. Zone,9:05,545.0,5x5,Def,,NSH,Def,VAN,NSH,COLTON SISSONS,8476925.0,JAKE VIRTANEN,8477937.0,,,ADAM GAUDETTE,8478874.0,JAKE VIRTANEN,8477937.0,JOSH LEIVO,8476410.0,CHRISTOPHER TANEV,8475690.0,QUINN HUGHES,8480800.0,JACOB MARKSTROM,8474593.0,COLTON SISSONS,8476925.0,MATHIEU OLIVIER,8479671.0,AUSTIN WATSON,8475766.0,STEVEN SANTINI,8477463.0,DAN HAMHUIS,8469465.0,PEKKA RINNE,8471469.0,6,6,0,1,JACOB MARKSTROM,8474593.0,PEKKA RINNE,8471469.0,-58.0,40.0,PETER LAVIOLETTE,TRAVIS GREEN
1884,20339,2019-11-21,1,BLOCK,VAN #88 GAUDETTE BLOCKED BY  NSH #5 HAMHUIS Wrist Def. Zone,9:18,558.0,5x5,Def,WRIST SHOT,VAN,Def,VAN,NSH,DAN HAMHUIS,8469465.0,ADAM GAUDETTE,8478874.0,,,ADAM GAUDETTE,8478874.0,JAKE VIRTANEN,8477937.0,JOSH LEIVO,8476410.0,CHRISTOPHER TANEV,8475690.0,QUINN HUGHES,8480800.0,JACOB MARKSTROM,8474593.0,COLTON SISSONS,8476925.0,MATHIEU OLIVIER,8479671.0,AUSTIN WATSON,8475766.0,STEVEN SANTINI,8477463.0,DAN HAMHUIS,8469465.0,PEKKA RINNE,8471469.0,6,6,0,1,JACOB MARKSTROM,8474593.0,PEKKA RINNE,8471469.0,-83.0,-4.0,PETER LAVIOLETTE,TRAVIS GREEN
1885,20339,2019-11-21,1,SHOT,VAN ONGOAL - #18 VIRTANEN Wrist Off. Zone 7 ft.,9:18,558.0,5x5,Off,WRIST SHOT,VAN,Def,VAN,NSH,JAKE VIRTANEN,8477937.0,,,,,ADAM GAUDETTE,8478874.0,JAKE VIRTANEN,8477937.0,JOSH LEIVO,8476410.0,CHRISTOPHER TANEV,8475690.0,QUINN HUGHES,8480800.0,JACOB MARKSTROM,8474593.0,COLTON SISSONS,8476925.0,MATHIEU OLIVIER,8479671.0,AUSTIN WATSON,8475766.0,STEVEN SANTINI,8477463.0,DAN HAMHUIS,8469465.0,PEKKA RINNE,8471469.0,6,6,0,1,JACOB MARKSTROM,8474593.0,PEKKA RINNE,8471469.0,-82.0,1.0,PETER LAVIOLETTE,TRAVIS GREEN
1886,20339,2019-11-21,1,STOP,PUCK IN CROWD,9:25,565.0,5x5,,,,,VAN,NSH,,,,,,,ADAM GAUDETTE,8478874.0,JAKE VIRTANEN,8477937.0,JOSH LEIVO,8476410.0,CHRISTOPHER TANEV,8475690.0,QUINN HUGHES,8480800.0,JACOB MARKSTROM,8474593.0,COLTON SISSONS,8476925.0,MATHIEU OLIVIER,8479671.0,AUSTIN WATSON,8475766.0,STEVEN SANTINI,8477463.0,DAN HAMHUIS,8469465.0,PEKKA RINNE,8471469.0,6,6,0,1,JACOB MARKSTROM,8474593.0,PEKKA RINNE,8471469.0,,,PETER LAVIOLETTE,TRAVIS GREEN
1894,20339,2019-11-21,1,FAC,NSH won Off. Zone - VAN #83 BEAGLE vs NSH #13 BONINO,10:29,629.0,5x5,Off,,NSH,Off,VAN,NSH,NICK BONINO,8474009.0,JAY BEAGLE,8474291.0,,,TYLER GRAOVAC,8476344.0,TIM SCHALLER,8477213.0,JAY BEAGLE,8474291.0,ALEXANDER EDLER,8471303.0,TROY STECHER,8479442.0,JACOB MARKSTROM,8474593.0,NICK BONINO,8474009.0,CRAIG SMITH,8475225.0,ROCCO GRIMALDI,8476428.0,STEVEN SANTINI,8477463.0,DAN HAMHUIS,8469465.0,PEKKA RINNE,8471469.0,6,6,0,1,JACOB MARKSTROM,8474593.0,PEKKA RINNE,8471469.0,69.0,-22.0,PETER LAVIOLETTE,TRAVIS GREEN
1895,20339,2019-11-21,1,SHOT,NSH ONGOAL - #5 HAMHUIS Wrist Off. Zone 50 ft.,10:32,632.0,5x5,Off,WRIST SHOT,NSH,Off,VAN,NSH,DAN HAMHUIS,8469465.0,,,,,TYLER GRAOVAC,8476344.0,TIM SCHALLER,8477213.0,JAY BEAGLE,8474291.0,ALEXANDER EDLER,8471303.0,TROY STECHER,8479442.0,JACOB MARKSTROM,8474593.0,NICK BONINO,8474009.0,CRAIG SMITH,8475225.0,ROCCO GRIMALDI,8476428.0,STEVEN SANTINI,8477463.0,DAN HAMHUIS,8469465.0,PEKKA RINNE,8471469.0,6,6,0,1,JACOB MARKSTROM,8474593.0,PEKKA RINNE,8471469.0,39.0,3.0,PETER LAVIOLETTE,TRAVIS GREEN
1896,20339,2019-11-21,1,STOP,GOALIE STOPPED (AFTER SOG),10:32,632.0,5x5,,,,,VAN,NSH,,,,,,,TYLER GRAOVAC,8476344.0,TIM SCHALLER,8477213.0,JAY BEAGLE,8474291.0,ALEXANDER EDLER,8471303.0,TROY STECHER,8479442.0,JACOB MARKSTROM,8474593.0,NICK BONINO,8474009.0,CRAIG SMITH,8475225.0,ROCCO GRIMALDI,8476428.0,STEVEN SANTINI,8477463.0,DAN HAMHUIS,8469465.0,PEKKA RINNE,8471469.0,6,6,0,1,JACOB MARKSTROM,8474593.0,PEKKA RINNE,8471469.0,,,PETER LAVIOLETTE,TRAVIS GREEN
1897,20339,2019-11-21,1,FAC,NSH won Off. Zone - VAN #44 GRAOVAC vs NSH #13 BONINO,10:32,632.0,5x5,Off,,NSH,Off,VAN,NSH,NICK BONINO,8474009.0,TYLER GRAOVAC,8476344.0,,,TYLER GRAOVAC,8476344.0,TIM SCHALLER,8477213.0,JAY BEAGLE,8474291.0,ALEXANDER EDLER,8471303.0,TROY STECHER,8479442.0,JACOB MARKSTROM,8474593.0,NICK BONINO,8474009.0,CRAIG SMITH,8475225.0,ROCCO GRIMALDI,8476428.0,STEVEN SANTINI,8477463.0,DAN HAMHUIS,8469465.0,PEKKA RINNE,8471469.0,6,6,0,1,JACOB MARKSTROM,8474593.0,PEKKA RINNE,8471469.0,69.0,22.0,PETER LAVIOLETTE,TRAVIS GREEN
1898,20339,2019-11-21,1,MISS,NSH #23 GRIMALDI Wrist Wide of Net Off. Zone 43 ft.,10:36,636.0,5x5,Off,WRIST SHOT,NSH,Off,VAN,NSH,ROCCO GRIMALDI,8476428.0,,,,,TYLER GRAOVAC,8476344.0,TIM SCHALLER,8477213.0,JAY BEAGLE,8474291.0,ALEXANDER EDLER,8471303.0,TROY STECHER,8479442.0,JACOB MARKSTROM,8474593.0,NICK BONINO,8474009.0,CRAIG SMITH,8475225.0,ROCCO GRIMALDI,8476428.0,STEVEN SANTINI,8477463.0,DAN HAMHUIS,8469465.0,PEKKA RINNE,8471469.0,6,6,0,1,JACOB MARKSTROM,8474593.0,PEKKA RINNE,8471469.0,46.0,-2.0,PETER LAVIOLETTE,TRAVIS GREEN
1899,20339,2019-11-21,1,SHOT,NSH ONGOAL - #15 SMITH Wrist Off. Zone 32 ft.,10:37,637.0,5x5,Off,WRIST SHOT,NSH,Off,VAN,NSH,CRAIG SMITH,8475225.0,,,,,TYLER GRAOVAC,8476344.0,TIM SCHALLER,8477213.0,JAY BEAGLE,8474291.0,ALEXANDER EDLER,8471303.0,TROY STECHER,8479442.0,JACOB MARKSTROM,8474593.0,NICK BONINO,8474009.0,CRAIG SMITH,8475225.0,ROCCO GRIMALDI,8476428.0,STEVEN SANTINI,8477463.0,DAN HAMHUIS,8469465.0,PEKKA RINNE,8471469.0,6,6,0,1,JACOB MARKSTROM,8474593.0,PEKKA RINNE,8471469.0,80.0,-31.0,PETER LAVIOLETTE,TRAVIS GREEN
1900,20339,2019-11-21,1,STOP,GOALIE STOPPED (AFTER SOG),10:38,638.0,5x5,,,,,VAN,NSH,,,,,,,TYLER GRAOVAC,8476344.0,TIM SCHALLER,8477213.0,JAY BEAGLE,8474291.0,ALEXANDER EDLER,8471303.0,TROY STECHER,8479442.0,JACOB MARKSTROM,8474593.0,NICK BONINO,8474009.0,CRAIG SMITH,8475225.0,ROCCO GRIMALDI,8476428.0,STEVEN SANTINI,8477463.0,DAN HAMHUIS,8469465.0,PEKKA RINNE,8471469.0,6,6,0,1,JACOB MARKSTROM,8474593.0,PEKKA RINNE,8471469.0,,,PETER LAVIOLETTE,TRAVIS GREEN
1910,20339,2019-11-21,1,HIT,NSH #3 SANTINI HIT VAN #59 SCHALLER Neu. Zone,13:10,790.0,5x5,Neu,,NSH,Neu,VAN,NSH,STEVEN SANTINI,8477463.0,TIM SCHALLER,8477213.0,,,TYLER GRAOVAC,8476344.0,TIM SCHALLER,8477213.0,JAY BEAGLE,8474291.0,ALEXANDER EDLER,8471303.0,TROY STECHER,8479442.0,JACOB MARKSTROM,8474593.0,RYAN JOHANSEN,8475793.0,FILIP FORSBERG,8476887.0,VIKTOR ARVIDSSON,8478042.0,STEVEN SANTINI,8477463.0,DAN HAMHUIS,8469465.0,PEKKA RINNE,8471469.0,6,6,0,1,JACOB MARKSTROM,8474593.0,PEKKA RINNE,8471469.0,18.0,-39.0,PETER LAVIOLETTE,TRAVIS GREEN
1924,20339,2019-11-21,1,FAC,VAN won Neu. Zone - VAN #88 GAUDETTE vs NSH #95 DUCHENE,16:34,994.0,5x5,Neu,,VAN,Neu,VAN,NSH,ADAM GAUDETTE,8478874.0,MATT DUCHENE,8475168.0,,,ADAM GAUDETTE,8478874.0,JAKE VIRTANEN,8477937.0,JOSH LEIVO,8476410.0,ALEXANDER EDLER,8471303.0,TROY STECHER,8479442.0,JACOB MARKSTROM,8474593.0,CALLE JARNKROK,8475714.0,MIKAEL GRANLUND,8475798.0,MATT DUCHENE,8475168.0,STEVEN SANTINI,8477463.0,DAN HAMHUIS,8469465.0,PEKKA RINNE,8471469.0,6,6,1,1,JACOB MARKSTROM,8474593.0,PEKKA RINNE,8471469.0,0.0,0.0,PETER LAVIOLETTE,TRAVIS GREEN
1925,20339,2019-11-21,1,MISS,VAN #18 VIRTANEN Snap Over Net Off. Zone 17 ft.,17:15,1035.0,5x5,Off,SNAP SHOT,VAN,Def,VAN,NSH,JAKE VIRTANEN,8477937.0,,,,,ADAM GAUDETTE,8478874.0,JAKE VIRTANEN,8477937.0,JOSH LEIVO,8476410.0,JORDIE BENN,8474818.0,TYLER MYERS,8474574.0,JACOB MARKSTROM,8474593.0,CALLE JARNKROK,8475714.0,MIKAEL GRANLUND,8475798.0,MATT DUCHENE,8475168.0,STEVEN SANTINI,8477463.0,DAN HAMHUIS,8469465.0,PEKKA RINNE,8471469.0,6,6,1,1,JACOB MARKSTROM,8474593.0,PEKKA RINNE,8471469.0,-79.0,14.0,PETER LAVIOLETTE,TRAVIS GREEN
1990,20339,2019-11-21,2,FAC,VAN won Neu. Zone - VAN #44 GRAOVAC vs NSH #92 JOHANSEN,7:07,427.0,5x5,Neu,,VAN,Neu,VAN,NSH,TYLER GRAOVAC,8476344.0,RYAN JOHANSEN,8475793.0,,,TYLER GRAOVAC,8476344.0,TIM SCHALLER,8477213.0,JAY BEAGLE,8474291.0,JORDIE BENN,8474818.0,TYLER MYERS,8474574.0,JACOB MARKSTROM,8474593.0,ROCCO GRIMALDI,8476428.0,RYAN JOHANSEN,8475793.0,FILIP FORSBERG,8476887.0,STEVEN SANTINI,8477463.0,DAN HAMHUIS,8469465.0,PEKKA RINNE,8471469.0,6,6,3,2,JACOB MARKSTROM,8474593.0,PEKKA RINNE,8471469.0,0.0,0.0,PETER LAVIOLETTE,TRAVIS GREEN
1991,20339,2019-11-21,2,HIT,VAN #44 GRAOVAC HIT NSH #3 SANTINI Off. Zone,7:24,444.0,5x5,Off,,VAN,Def,VAN,NSH,TYLER GRAOVAC,8476344.0,STEVEN SANTINI,8477463.0,,,TYLER GRAOVAC,8476344.0,TIM SCHALLER,8477213.0,JAY BEAGLE,8474291.0,JORDIE BENN,8474818.0,TYLER MYERS,8474574.0,JACOB MARKSTROM,8474593.0,ROCCO GRIMALDI,8476428.0,RYAN JOHANSEN,8475793.0,FILIP FORSBERG,8476887.0,STEVEN SANTINI,8477463.0,DAN HAMHUIS,8469465.0,PEKKA RINNE,8471469.0,6,6,3,2,JACOB MARKSTROM,8474593.0,PEKKA RINNE,8471469.0,74.0,39.0,PETER LAVIOLETTE,TRAVIS GREEN
2003,20339,2019-11-21,2,STOP,ICING,11:19,679.0,5x5,,,,,VAN,NSH,,,,,,,TYLER GRAOVAC,8476344.0,TIM SCHALLER,8477213.0,JAY BEAGLE,8474291.0,CHRISTOPHER TANEV,8475690.0,TROY STECHER,8479442.0,JACOB MARKSTROM,8474593.0,CALLE JARNKROK,8475714.0,MIKAEL GRANLUND,8475798.0,MATT DUCHENE,8475168.0,STEVEN SANTINI,8477463.0,DAN HAMHUIS,8469465.0,PEKKA RINNE,8471469.0,6,6,3,2,JACOB MARKSTROM,8474593.0,PEKKA RINNE,8471469.0,,,PETER LAVIOLETTE,TRAVIS GREEN
2004,20339,2019-11-21,2,FAC,VAN won Off. Zone - VAN #53 HORVAT vs NSH #95 DUCHENE,11:19,679.0,5x5,Off,,VAN,Def,VAN,NSH,BO HORVAT,8477500.0,MATT DUCHENE,8475168.0,,,JT MILLER,8476468.0,BO HORVAT,8477500.0,ZACK MACEWEN,8479772.0,CHRISTOPHER TANEV,8475690.0,QUINN HUGHES,8480800.0,JACOB MARKSTROM,8474593.0,CALLE JARNKROK,8475714.0,MIKAEL GRANLUND,8475798.0,MATT DUCHENE,8475168.0,STEVEN SANTINI,8477463.0,DAN HAMHUIS,8469465.0,PEKKA RINNE,8471469.0,6,6,3,2,JACOB MARKSTROM,8474593.0,PEKKA RINNE,8471469.0,69.0,22.0,PETER LAVIOLETTE,TRAVIS GREEN
2005,20339,2019-11-21,2,SHOT,VAN ONGOAL - #43 HUGHES Wrap-around Off. Zone 4 ft.,11:26,686.0,5x5,Off,WRAP-AROUND,VAN,Def,VAN,NSH,QUINN HUGHES,8480800.0,,,,,JT MILLER,8476468.0,BO HORVAT,8477500.0,ZACK MACEWEN,8479772.0,CHRISTOPHER TANEV,8475690.0,QUINN HUGHES,8480800.0,JACOB MARKSTROM,8474593.0,CALLE JARNKROK,8475714.0,MIKAEL GRANLUND,8475798.0,MATT DUCHENE,8475168.0,STEVEN SANTINI,8477463.0,DAN HAMHUIS,8469465.0,PEKKA RINNE,8471469.0,6,6,3,2,JACOB MARKSTROM,8474593.0,PEKKA RINNE,8471469.0,89.0,-4.0,PETER LAVIOLETTE,TRAVIS GREEN
2046,20339,2019-11-21,2,FAC,NSH won Neu. Zone - VAN #88 GAUDETTE vs NSH #10 SISSONS,18:05,1085.0,5x5,Neu,,NSH,Neu,VAN,NSH,COLTON SISSONS,8476925.0,ADAM GAUDETTE,8478874.0,,,ADAM GAUDETTE,8478874.0,JAKE VIRTANEN,8477937.0,JOSH LEIVO,8476410.0,ALEXANDER EDLER,8471303.0,TROY STECHER,8479442.0,JACOB MARKSTROM,8474593.0,COLTON SISSONS,8476925.0,ROCCO GRIMALDI,8476428.0,MATHIEU OLIVIER,8479671.0,STEVEN SANTINI,8477463.0,DAN HAMHUIS,8469465.0,PEKKA RINNE,8471469.0,6,6,4,2,JACOB MARKSTROM,8474593.0,PEKKA RINNE,8471469.0,0.0,0.0,PETER LAVIOLETTE,TRAVIS GREEN
2047,20339,2019-11-21,2,SHOT,NSH ONGOAL - #5 HAMHUIS Wrist Neu. Zone 95 ft.,18:11,1091.0,5x5,Neu,WRIST SHOT,NSH,Neu,VAN,NSH,DAN HAMHUIS,8469465.0,,,,,ADAM GAUDETTE,8478874.0,JAKE VIRTANEN,8477937.0,JOSH LEIVO,8476410.0,ALEXANDER EDLER,8471303.0,TROY STECHER,8479442.0,JACOB MARKSTROM,8474593.0,COLTON SISSONS,8476925.0,ROCCO GRIMALDI,8476428.0,MATHIEU OLIVIER,8479671.0,STEVEN SANTINI,8477463.0,DAN HAMHUIS,8469465.0,PEKKA RINNE,8471469.0,6,6,4,2,JACOB MARKSTROM,8474593.0,PEKKA RINNE,8471469.0,6.0,-4.0,PETER LAVIOLETTE,TRAVIS GREEN
2048,20339,2019-11-21,2,PENL,NSH #25 OLIVIER Holding(2 min) Off. Zone Drawn By: VAN #17 LEIVO,18:19,1099.0,5x5,Off,Holding(2 min),NSH,Off,VAN,NSH,MATHIEU OLIVIER,8479671.0,JOSH LEIVO,8476410.0,,,ADAM GAUDETTE,8478874.0,JAKE VIRTANEN,8477937.0,JOSH LEIVO,8476410.0,ALEXANDER EDLER,8471303.0,TROY STECHER,8479442.0,JACOB MARKSTROM,8474593.0,COLTON SISSONS,8476925.0,ROCCO GRIMALDI,8476428.0,MATHIEU OLIVIER,8479671.0,STEVEN SANTINI,8477463.0,DAN HAMHUIS,8469465.0,PEKKA RINNE,8471469.0,6,6,4,2,JACOB MARKSTROM,8474593.0,PEKKA RINNE,8471469.0,-72.0,37.0,PETER LAVIOLETTE,TRAVIS GREEN
2055,20339,2019-11-21,2,MISS,NSH #5 HAMHUIS Wrist Wide of Net Off. Zone 41 ft.,19:35,1175.0,5x5,Off,WRIST SHOT,NSH,Off,VAN,NSH,DAN HAMHUIS,8469465.0,,,,,ADAM GAUDETTE,8478874.0,JAKE VIRTANEN,8477937.0,TANNER PEARSON,8476871.0,JORDIE BENN,8474818.0,TYLER MYERS,8474574.0,JACOB MARKSTROM,8474593.0,CALLE JARNKROK,8475714.0,MIKAEL GRANLUND,8475798.0,RYAN JOHANSEN,8475793.0,STEVEN SANTINI,8477463.0,DAN HAMHUIS,8469465.0,PEKKA RINNE,8471469.0,6,6,5,2,JACOB MARKSTROM,8474593.0,PEKKA RINNE,8471469.0,-51.0,16.0,PETER LAVIOLETTE,TRAVIS GREEN
2056,20339,2019-11-21,2,PEND,Period End- Local time: 8:48 CST,20:00,1200.0,5x5,,,,,VAN,NSH,,,,,,,ADAM GAUDETTE,8478874.0,JOSH LEIVO,8476410.0,TANNER PEARSON,8476871.0,ALEXANDER EDLER,8471303.0,TROY STECHER,8479442.0,JACOB MARKSTROM,8474593.0,CALLE JARNKROK,8475714.0,MIKAEL GRANLUND,8475798.0,MATT DUCHENE,8475168.0,STEVEN SANTINI,8477463.0,DAN HAMHUIS,8469465.0,PEKKA RINNE,8471469.0,6,6,5,2,JACOB MARKSTROM,8474593.0,PEKKA RINNE,8471469.0,,,PETER LAVIOLETTE,TRAVIS GREEN
2096,20339,2019-11-21,3,FAC,VAN won Def. Zone - VAN #53 HORVAT vs NSH #19 JARNKROK,5:00,300.0,5x5,Def,,VAN,Off,VAN,NSH,BO HORVAT,8477500.0,CALLE JARNKROK,8475714.0,,,BO HORVAT,8477500.0,JAKE VIRTANEN,8477937.0,JOSH LEIVO,8476410.0,ALEXANDER EDLER,8471303.0,TROY STECHER,8479442.0,JACOB MARKSTROM,8474593.0,CALLE JARNKROK,8475714.0,MIKAEL GRANLUND,8475798.0,MATT DUCHENE,8475168.0,STEVEN SANTINI,8477463.0,DAN HAMHUIS,8469465.0,JUUSE SAROS,8477424.0,6,6,5,2,JACOB MARKSTROM,8474593.0,JUUSE SAROS,8477424.0,69.0,-22.0,PETER LAVIOLETTE,TRAVIS GREEN
2097,20339,2019-11-21,3,STOP,PUCK IN CROWD,5:06,306.0,5x5,,,,,VAN,NSH,,,,,,,BO HORVAT,8477500.0,JAKE VIRTANEN,8477937.0,JOSH LEIVO,8476410.0,ALEXANDER EDLER,8471303.0,TROY STECHER,8479442.0,JACOB MARKSTROM,8474593.0,CALLE JARNKROK,8475714.0,MIKAEL GRANLUND,8475798.0,MATT DUCHENE,8475168.0,STEVEN SANTINI,8477463.0,DAN HAMHUIS,8469465.0,JUUSE SAROS,8477424.0,6,6,5,2,JACOB MARKSTROM,8474593.0,JUUSE SAROS,8477424.0,,,PETER LAVIOLETTE,TRAVIS GREEN
2098,20339,2019-11-21,3,FAC,VAN won Def. Zone - VAN #53 HORVAT vs NSH #64 GRANLUND,5:06,306.0,5x5,Def,,VAN,Off,VAN,NSH,BO HORVAT,8477500.0,MIKAEL GRANLUND,8475798.0,,,BO HORVAT,8477500.0,JAKE VIRTANEN,8477937.0,JOSH LEIVO,8476410.0,ALEXANDER EDLER,8471303.0,TROY STECHER,8479442.0,JACOB MARKSTROM,8474593.0,CALLE JARNKROK,8475714.0,MIKAEL GRANLUND,8475798.0,MATT DUCHENE,8475168.0,STEVEN SANTINI,8477463.0,DAN HAMHUIS,8469465.0,JUUSE SAROS,8477424.0,6,6,5,2,JACOB MARKSTROM,8474593.0,JUUSE SAROS,8477424.0,69.0,-22.0,PETER LAVIOLETTE,TRAVIS GREEN
2099,20339,2019-11-21,3,SHOT,NSH ONGOAL - #19 JARNKROK Wrist Off. Zone 23 ft.,5:38,338.0,5x5,Off,WRIST SHOT,NSH,Off,VAN,NSH,CALLE JARNKROK,8475714.0,,,,,TIM SCHALLER,8477213.0,ADAM GAUDETTE,8478874.0,JAKE VIRTANEN,8477937.0,ALEXANDER EDLER,8471303.0,TROY STECHER,8479442.0,JACOB MARKSTROM,8474593.0,CALLE JARNKROK,8475714.0,MIKAEL GRANLUND,8475798.0,MATT DUCHENE,8475168.0,STEVEN SANTINI,8477463.0,DAN HAMHUIS,8469465.0,JUUSE SAROS,8477424.0,6,6,5,2,JACOB MARKSTROM,8474593.0,JUUSE SAROS,8477424.0,76.0,-20.0,PETER LAVIOLETTE,TRAVIS GREEN
2100,20339,2019-11-21,3,SHOT,NSH ONGOAL - #5 HAMHUIS Snap Off. Zone 18 ft.,5:39,339.0,5x5,Off,SNAP SHOT,NSH,Off,VAN,NSH,DAN HAMHUIS,8469465.0,,,,,TIM SCHALLER,8477213.0,ADAM GAUDETTE,8478874.0,JAKE VIRTANEN,8477937.0,ALEXANDER EDLER,8471303.0,TROY STECHER,8479442.0,JACOB MARKSTROM,8474593.0,CALLE JARNKROK,8475714.0,MIKAEL GRANLUND,8475798.0,MATT DUCHENE,8475168.0,STEVEN SANTINI,8477463.0,DAN HAMHUIS,8469465.0,JUUSE SAROS,8477424.0,6,6,5,2,JACOB MARKSTROM,8474593.0,JUUSE SAROS,8477424.0,71.0,3.0,PETER LAVIOLETTE,TRAVIS GREEN
2101,20339,2019-11-21,3,STOP,GOALIE STOPPED (AFTER SOG),5:40,340.0,5x5,,,,,VAN,NSH,,,,,,,TIM SCHALLER,8477213.0,ADAM GAUDETTE,8478874.0,JAKE VIRTANEN,8477937.0,ALEXANDER EDLER,8471303.0,TROY STECHER,8479442.0,JACOB MARKSTROM,8474593.0,CALLE JARNKROK,8475714.0,MIKAEL GRANLUND,8475798.0,MATT DUCHENE,8475168.0,STEVEN SANTINI,8477463.0,DAN HAMHUIS,8469465.0,JUUSE SAROS,8477424.0,6,6,5,2,JACOB MARKSTROM,8474593.0,JUUSE SAROS,8477424.0,,,PETER LAVIOLETTE,TRAVIS GREEN
2115,20339,2019-11-21,3,STOP,GOALIE STOPPED (AFTER SOG),8:22,502.0,5x5,,,,,VAN,NSH,,,,,,,TYLER GRAOVAC,8476344.0,TIM SCHALLER,8477213.0,JAY BEAGLE,8474291.0,JORDIE BENN,8474818.0,TYLER MYERS,8474574.0,JACOB MARKSTROM,8474593.0,CALLE JARNKROK,8475714.0,MIKAEL GRANLUND,8475798.0,MATT DUCHENE,8475168.0,STEVEN SANTINI,8477463.0,DAN HAMHUIS,8469465.0,JUUSE SAROS,8477424.0,6,6,5,2,JACOB MARKSTROM,8474593.0,JUUSE SAROS,8477424.0,,,PETER LAVIOLETTE,TRAVIS GREEN
2116,20339,2019-11-21,3,FAC,NSH won Off. Zone - VAN #83 BEAGLE vs NSH #95 DUCHENE,8:22,502.0,5x5,Off,,NSH,Off,VAN,NSH,MATT DUCHENE,8475168.0,JAY BEAGLE,8474291.0,,,TYLER GRAOVAC,8476344.0,TIM SCHALLER,8477213.0,JAY BEAGLE,8474291.0,JORDIE BENN,8474818.0,TYLER MYERS,8474574.0,JACOB MARKSTROM,8474593.0,CALLE JARNKROK,8475714.0,MIKAEL GRANLUND,8475798.0,MATT DUCHENE,8475168.0,STEVEN SANTINI,8477463.0,DAN HAMHUIS,8469465.0,JUUSE SAROS,8477424.0,6,6,5,2,JACOB MARKSTROM,8474593.0,JUUSE SAROS,8477424.0,69.0,22.0,PETER LAVIOLETTE,TRAVIS GREEN
2117,20339,2019-11-21,3,GOAL,NSH #95 DUCHENE(6) Tip-In Off. Zone 7 ft.Assists: #19 JARNKROK(7); #64 GRANLUND(5),8:31,511.0,5x5,Off,TIP-IN,NSH,Off,VAN,NSH,MATT DUCHENE,8475168.0,CALLE JARNKROK,8475714.0,MIKAEL GRANLUND,8475798.0,TYLER GRAOVAC,8476344.0,TIM SCHALLER,8477213.0,JAY BEAGLE,8474291.0,JORDIE BENN,8474818.0,TYLER MYERS,8474574.0,JACOB MARKSTROM,8474593.0,CALLE JARNKROK,8475714.0,MIKAEL GRANLUND,8475798.0,MATT DUCHENE,8475168.0,STEVEN SANTINI,8477463.0,DAN HAMHUIS,8469465.0,JUUSE SAROS,8477424.0,6,6,5,2,JACOB MARKSTROM,8474593.0,JUUSE SAROS,8477424.0,82.0,3.0,PETER LAVIOLETTE,TRAVIS GREEN
2125,20339,2019-11-21,3,MISS,NSH #95 DUCHENE Wrist Wide of Net Off. Zone 37 ft.,10:57,657.0,5x5,Off,WRIST SHOT,NSH,Off,VAN,NSH,MATT DUCHENE,8475168.0,,,,,ADAM GAUDETTE,8478874.0,JAKE VIRTANEN,8477937.0,JOSH LEIVO,8476410.0,ALEXANDER EDLER,8471303.0,TROY STECHER,8479442.0,JACOB MARKSTROM,8474593.0,CALLE JARNKROK,8475714.0,MIKAEL GRANLUND,8475798.0,MATT DUCHENE,8475168.0,STEVEN SANTINI,8477463.0,DAN HAMHUIS,8469465.0,JUUSE SAROS,8477424.0,6,6,5,3,JACOB MARKSTROM,8474593.0,JUUSE SAROS,8477424.0,52.0,1.0,PETER LAVIOLETTE,TRAVIS GREEN
2126,20339,2019-11-21,3,GIVE,NSH GIVEAWAY - #64 GRANLUND Off. Zone,11:07,667.0,5x5,Off,,NSH,Off,VAN,NSH,MIKAEL GRANLUND,8475798.0,,,,,ADAM GAUDETTE,8478874.0,JAKE VIRTANEN,8477937.0,JOSH LEIVO,8476410.0,ALEXANDER EDLER,8471303.0,TROY STECHER,8479442.0,JACOB MARKSTROM,8474593.0,CALLE JARNKROK,8475714.0,MIKAEL GRANLUND,8475798.0,MATT DUCHENE,8475168.0,STEVEN SANTINI,8477463.0,DAN HAMHUIS,8469465.0,JUUSE SAROS,8477424.0,6,6,5,3,JACOB MARKSTROM,8474593.0,JUUSE SAROS,8477424.0,31.0,-36.0,PETER LAVIOLETTE,TRAVIS GREEN
2127,20339,2019-11-21,3,SHOT,NSH ONGOAL - #15 SMITH Wrist Off. Zone 15 ft.,11:38,698.0,5x5,Off,WRIST SHOT,NSH,Off,VAN,NSH,CRAIG SMITH,8475225.0,,,,,TYLER GRAOVAC,8476344.0,TIM SCHALLER,8477213.0,JAY BEAGLE,8474291.0,CHRISTOPHER TANEV,8475690.0,QUINN HUGHES,8480800.0,JACOB MARKSTROM,8474593.0,NICK BONINO,8474009.0,CRAIG SMITH,8475225.0,ROCCO GRIMALDI,8476428.0,STEVEN SANTINI,8477463.0,DANTE FABBRO,8479371.0,JUUSE SAROS,8477424.0,6,6,5,3,JACOB MARKSTROM,8474593.0,JUUSE SAROS,8477424.0,85.0,-15.0,PETER LAVIOLETTE,TRAVIS GREEN
2130,20339,2019-11-21,3,HIT,NSH #3 SANTINI HIT VAN #9 MILLER Neu. Zone,12:52,772.0,5x5,Neu,,NSH,Neu,VAN,NSH,STEVEN SANTINI,8477463.0,JT MILLER,8476468.0,,,JT MILLER,8476468.0,BO HORVAT,8477500.0,ZACK MACEWEN,8479772.0,JORDIE BENN,8474818.0,TYLER MYERS,8474574.0,JACOB MARKSTROM,8474593.0,RYAN JOHANSEN,8475793.0,FILIP FORSBERG,8476887.0,VIKTOR ARVIDSSON,8478042.0,STEVEN SANTINI,8477463.0,DANTE FABBRO,8479371.0,JUUSE SAROS,8477424.0,6,6,5,3,JACOB MARKSTROM,8474593.0,JUUSE SAROS,8477424.0,-17.0,-40.0,PETER LAVIOLETTE,TRAVIS GREEN
2131,20339,2019-11-21,3,HIT,NSH #33 ARVIDSSON HIT VAN #4 BENN Off. Zone,13:05,785.0,5x5,Off,,NSH,Off,VAN,NSH,VIKTOR ARVIDSSON,8478042.0,JORDIE BENN,8474818.0,,,ELIAS PETTERSSON,8480012.0,BROCK BOESER,8478444.0,TANNER PEARSON,8476871.0,JORDIE BENN,8474818.0,TYLER MYERS,8474574.0,JACOB MARKSTROM,8474593.0,CALLE JARNKROK,8475714.0,MATT DUCHENE,8475168.0,VIKTOR ARVIDSSON,8478042.0,STEVEN SANTINI,8477463.0,DAN HAMHUIS,8469465.0,JUUSE SAROS,8477424.0,6,6,5,3,JACOB MARKSTROM,8474593.0,JUUSE SAROS,8477424.0,96.0,16.0,PETER LAVIOLETTE,TRAVIS GREEN
2164,20339,2019-11-21,3,TAKE,VAN TAKEAWAY - #17 LEIVO Off. Zone,19:45,1185.0,5x5,Off,,VAN,Def,VAN,NSH,JOSH LEIVO,8476410.0,,,,,JAY BEAGLE,8474291.0,ADAM GAUDETTE,8478874.0,JOSH LEIVO,8476410.0,JORDIE BENN,8474818.0,CHRISTOPHER TANEV,8475690.0,JACOB MARKSTROM,8474593.0,NICK BONINO,8474009.0,ROCCO GRIMALDI,8476428.0,MIKAEL GRANLUND,8475798.0,STEVEN SANTINI,8477463.0,DANTE FABBRO,8479371.0,JUUSE SAROS,8477424.0,6,6,6,3,JACOB MARKSTROM,8474593.0,JUUSE SAROS,8477424.0,-76.0,-38.0,PETER LAVIOLETTE,TRAVIS GREEN
2165,20339,2019-11-21,3,PEND,Period End- Local time: 9:42 CST,20:00,1200.0,5x5,,,,,VAN,NSH,,,,,,,TIM SCHALLER,8477213.0,JAY BEAGLE,8474291.0,JOSH LEIVO,8476410.0,JORDIE BENN,8474818.0,CHRISTOPHER TANEV,8475690.0,JACOB MARKSTROM,8474593.0,NICK BONINO,8474009.0,CRAIG SMITH,8475225.0,ROCCO GRIMALDI,8476428.0,STEVEN SANTINI,8477463.0,DANTE FABBRO,8479371.0,JUUSE SAROS,8477424.0,6,6,6,3,JACOB MARKSTROM,8474593.0,JUUSE SAROS,8477424.0,,,PETER LAVIOLETTE,TRAVIS GREEN
